{"cameraMode":{"drawMode":0,"name":"Shaded","section":"Shading Mode"},"sceneLighting":false,"audioPlay":false,"sceneViewState":{"m_AlwaysRefresh":false,"showFog":false,"showSkybox":false,"showFlares":false,"showImageEffects":false,"showParticleSystems":false,"showVisualEffectGraphs":true,"m_FxEnabled":true},"in2DMode":false,"pivot":{"x":0.054201364517211917,"y":0.8964532613754273,"z":0.13401401042938233},"rotation":{"x":-0.0047585922293365,"y":0.9730318188667297,"z":-0.2297777235507965,"w":-0.020147424191236497},"size":1.5705190896987916,"orthographic":false}