{"cameraMode":{"drawMode":0,"name":"Shaded","section":"Shading Mode"},"sceneLighting":true,"audioPlay":false,"sceneViewState":{"m_AlwaysRefresh":false,"showFog":true,"showSkybox":true,"showFlares":true,"showImageEffects":true,"showParticleSystems":true,"showVisualEffectGraphs":true,"m_FxEnabled":true},"in2DMode":false,"pivot":{"x":-15.164827346801758,"y":22.30723762512207,"z":-59.112213134765628},"rotation":{"x":-0.06231969594955444,"y":0.03501826897263527,"z":-0.0021865535527467729,"w":-0.9974534511566162},"size":0.017372870817780496,"orthographic":false}