{"cameraMode":{"drawMode":0,"name":"Shaded","section":"Shading Mode"},"sceneLighting":true,"audioPlay":false,"sceneViewState":{"m_AlwaysRefresh":false,"showFog":true,"showSkybox":true,"showFlares":true,"showImageEffects":true,"showParticleSystems":true,"showVisualEffectGraphs":true,"m_FxEnabled":true},"in2DMode":false,"pivot":{"x":-7.982512474060059,"y":15.958005905151368,"z":-7.981184005737305},"rotation":{"x":-0.4781878590583801,"y":-0.27560362219810488,"z":0.16108296811580659,"w":-0.8182079195976257},"size":0.01548382081091404,"orthographic":false}