{"cameraMode":{"drawMode":0,"name":"Shaded","section":"Shading Mode"},"sceneLighting":false,"audioPlay":false,"sceneViewState":{"m_AlwaysRefresh":false,"showFog":false,"showSkybox":false,"showFlares":false,"showImageEffects":false,"showParticleSystems":false,"showVisualEffectGraphs":true,"m_FxEnabled":true},"in2DMode":false,"pivot":{"x":0.021445631980895997,"y":0.8917275071144104,"z":0.24463129043579102},"rotation":{"x":-0.009998390451073647,"y":0.9888428449630737,"z":-0.07608276605606079,"w":-0.12795493006706239},"size":1.6767723560333253,"orthographic":false}